Date,Value,Anomaly
189501,26.69,-3.43
189502,26.6,-7.22
189503,39.97,-1.53
189504,52.88,1.84
189505,59.92,-0.27
189506,67.78,-0.69
189507,71.22,-2.37
189508,71.58,-0.5
189509,65.55,0.71
189510,50.85,-3.25
189511,39.16,-2.53
189512,31.71,-0.97
189601,31.48,1.36
189602,35.04,1.22
189603,38.03,-3.47
189604,52.34,1.3
189605,62.44,2.25
189606,69.87,1.4
189607,73.65,0.06
189608,72.23,0.15
189609,62.92,-1.92
189610,51.89,-2.21
189611,38.32,-3.37
189612,35.55,2.87
189701,28.17,-1.95
189702,33.39,-0.43
189703,38.79,-2.71
189704,51.15,0.11
189705,61.16,0.97
189706,68.09,-0.38
189707,73.33,-0.26
189708,71.33,-0.75
189709,66.38,1.54
189710,55.09,0.99
189711,40.89,-0.8
189712,30.76,-1.92
189801,30.67,0.55
189802,35.37,1.55
189803,41.05,-0.45
189804,50.77,-0.27
189805,59.94,-0.25
189806,69.3,0.83
189807,73.26,-0.33
189808,72.73,0.65
189809,65.44,0.6
189810,51.48,-2.62
189811,38.37,-3.32
189812,28.67,-4.01
189901,29.68,-0.44
189902,25.5,-8.32
189903,37.62,-3.88
189904,50.59,-0.45
189905,59.88,-0.31
189906,68.63,0.16
189907,73.04,-0.55
189908,71.71,-0.37
189909,64.78,-0.06
189910,53.96,-0.14
189911,44.92,3.23
189912,31.62,-1.06
190001,34.11,3.99
190002,30.76,-3.06
190003,41.27,-0.23
190004,51.6,0.56
190005,61.72,1.53
190006,70.27,1.8
190007,73.11,-0.48
190008,72.84,0.76
190009,65.12,0.28
190010,56.35,2.25
190011,41.54,-0.15
190012,34.48,1.8
190101,31.62,1.5
190102,29.86,-3.96
190103,40.71,-0.79
190104,49.37,-1.67
190105,61.16,0.97
190106,68.41,-0.06
190107,76.23,2.64
190108,73.17,1.09
190109,63.23,-1.61
190110,55.44,1.34
190111,41.68,-0.01
190112,31.48,-1.2
190201,30.06,-0.06
190202,31.46,-2.36
190203,41.56,0.06
190204,50.85,-0.19
190205,61.97,1.78
190206,68,-0.47
190207,72.01,-1.58
190208,71.33,-0.75
190209,62.74,-2.1
190210,54.43,0.33
190211,43.68,1.99
190212,30.79,-1.89
190301,30.88,0.76
190302,28.42,-5.4
190303,42.19,0.69
190304,50.2,-0.84
190305,59.52,-0.67
190306,65.86,-2.61
190307,71.91,-1.68
190308,70.93,-1.15
190309,62.73,-2.11
190310,53.92,-0.18
190311,40.23,-1.46
190312,30.54,-2.14
190401,27.55,-2.57
190402,31.59,-2.23
190403,41.76,0.26
190404,49.44,-1.6
190405,60.13,-0.06
190406,67.24,-1.23
190407,71.33,-2.26
190408,70.7,-1.38
190409,64.94,0.1
190410,53.92,-0.18
190411,43.12,1.43
190412,32.02,-0.66
190501,27.12,-3
190502,26.94,-6.88
190503,45.12,3.62
190504,50.47,-0.57
190505,59.13,-1.06
190506,67.98,-0.49
190507,71.96,-1.63
190508,72.36,0.28
190509,65.93,1.09
190510,51.64,-2.46
190511,42.22,0.53
190512,30.99,-1.69
190601,32.88,2.76
190602,33.69,-0.13
190603,36.1,-5.4
190604,52.72,1.68
190605,59.56,-0.63
190606,67.3,-1.17
190607,72.34,-1.25
190608,71.82,-0.26
190609,66.24,1.4
190610,52.52,-1.58
190611,40.44,-1.25
190612,34.97,2.29
190701,30.7,0.58
190702,35.46,1.64
190703,45.7,4.2
190704,47.53,-3.51
190705,55.87,-4.32
190706,65.68,-2.79
190707,72.48,-1.11
190708,70.75,-1.33
190709,64.2,-0.64
190710,53.78,-0.32
190711,40.82,-0.87
190712,34.7,2.02
190801,32.45,2.33
190802,32.99,-0.83
190803,43.9,2.4
190804,52.74,1.7
190805,58.8,-1.39
190806,66.9,-1.57
190807,73.17,-0.42
190808,70.66,-1.42
190809,65.57,0.73
190810,51.76,-2.34
190811,42.53,0.84
190812,33.31,0.63
190901,32.31,2.19
190902,35.02,1.2
190903,40.35,-1.15
190904,48.96,-2.08
190905,58.12,-2.07
190906,68.92,0.45
190907,72.61,-0.98
190908,72.9,0.82
190909,64.38,-0.46
190910,52.88,-1.22
190911,45.01,3.32
190912,25.61,-7.07
191001,29.61,-0.51
191002,29.3,-4.52
191003,49.42,7.92
191004,53.6,2.56
191005,59.2,-0.99
191006,68.27,-0.2
191007,74.1,0.51
191008,71.08,-1
191009,65.66,0.82
191010,55.6,1.5
191011,41.13,-0.56
191012,31.93,-0.75
191101,32.9,2.78
191102,33.66,-0.16
191103,44.02,2.52
191104,50,-1.04
191105,61.18,0.99
191106,70.74,2.27
191107,72.64,-0.95
191108,70.88,-1.2
191109,66.07,1.23
191110,52.66,-1.44
191111,37.27,-4.42
191112,32.2,-0.48
191201,24.76,-5.36
191202,31.08,-2.74
191203,35.76,-5.74
191204,50.56,-0.48
191205,60.46,0.27
191206,66.69,-1.78
191207,72.23,-1.36
191208,70.11,-1.97
191209,62.71,-2.13
191210,53.15,-0.95
191211,42.19,0.5
191212,32.95,0.27
191301,30.47,0.35
191302,29.5,-4.32
191303,38.71,-2.79
191304,51.37,0.33
191305,60.12,-0.07
191306,68.2,-0.27
191307,72.99,-0.6
191308,73.35,1.27
191309,63.63,-1.21
191310,51.62,-2.48
191311,45.1,3.41
191312,33.33,0.65
191401,34.5,4.38
191402,29.52,-4.3
191403,40.75,-0.75
191404,51.03,-0.01
191405,61.12,0.93
191406,69.33,0.86
191407,74.07,0.48
191408,71.67,-0.41
191409,64.56,-0.28
191410,55.22,1.12
191411,43.41,1.72
191412,26.78,-5.9
191501,28.44,-1.68
191502,35.92,2.1
191503,36.95,-4.55
191504,54.57,3.53
191505,58.15,-2.04
191506,66.06,-2.41
191507,70.99,-2.6
191508,70.14,-1.94
191509,64.4,-0.44
191510,55.33,1.23
191511,43.09,1.4
191512,33.17,0.49
191601,28.22,-1.9
191602,33.03,-0.79
191603,42.15,0.65
191604,50.25,-0.79
191605,59.31,-0.88
191606,66.27,-2.2
191607,74.26,0.67
191608,71.78,-0.3
191609,63.48,-1.36
191610,52.12,-1.98
191611,40.23,-1.46
191612,28.94,-3.74
191701,28.27,-1.85
191702,30.09,-3.73
191703,38.34,-3.16
191704,48.63,-2.41
191705,55.11,-5.08
191706,66.96,-1.51
191707,74.59,1
191708,71.01,-1.07
191709,64.08,-0.76
191710,50.41,-3.69
191711,43.52,1.83
191712,29.64,-3.04
191801,23.88,-6.24
191802,33.82,0
191803,45.73,4.23
191804,49.01,-2.03
191805,60.78,0.59
191806,71.11,2.64
191807,72.41,-1.18
191808,72.48,0.4
191809,61.9,-2.94
191810,56.16,2.06
191811,40.51,-1.18
191812,34.45,1.77
191901,31.82,1.7
191902,32.25,-1.57
191903,40.89,-0.61
191904,51.33,0.29
191905,60.01,-0.18
191906,69.28,0.81
191907,74.34,0.75
191908,72.25,0.17
191909,65.62,0.78
191910,52.59,-1.51
191911,39.31,-2.38
191912,28.78,-3.9
192001,29.23,-0.89
192002,33.69,-0.13
192003,40.28,-1.22
192004,46.78,-4.26
192005,59.29,-0.9
192006,67.35,-1.12
192007,72.68,-0.91
192008,70.61,-1.47
192009,65.43,0.59
192010,54.61,0.51
192011,39.7,-1.99
192012,33.13,0.45
192101,34.36,4.24
192102,36.9,3.08
192103,46.63,5.13
192104,50.99,-0.05
192105,60.1,-0.09
192106,70.34,1.87
192107,74.64,1.05
192108,72,-0.08
192109,66.52,1.68
192110,55.33,1.23
192111,42.57,0.88
192112,35.08,2.4
192201,26.8,-3.32
192202,31.95,-1.87
192203,40.42,-1.08
192204,50.31,-0.73
192205,61.16,0.97
192206,70.12,1.65
192207,72.99,-0.6
192208,72.79,0.71
192209,67.26,2.42
192210,55,0.9
192211,41.86,0.17
192212,33.55,0.87
192301,34.59,4.47
192302,29.57,-4.25
192303,38.28,-3.22
192304,49.89,-1.15
192305,59.5,-0.69
192306,68.02,-0.45
192307,73.74,0.15
192308,71.08,-1
192309,65.05,0.21
192310,51.22,-2.88
192311,42.58,0.89
192312,35.98,3.3
192401,26.26,-3.86
192402,35.19,1.37
192403,37.18,-4.32
192404,50.25,-0.79
192405,57.88,-2.31
192406,68.58,0.11
192407,71.85,-1.74
192408,72.03,-0.05
192409,62.73,-2.11
192410,54.95,0.85
192411,42.4,0.71
192412,27.59,-5.09
192501,29.1,-1.02
192502,38.28,4.46
192503,44.24,2.74
192504,54.7,3.66
192505,59.99,-0.2
192506,69.82,1.35
192507,74.12,0.53
192508,71.38,-0.7
192509,66.65,1.81
192510,48.92,-5.18
192511,40.41,-1.28
192512,32.5,-0.18
192601,30.33,0.21
192602,37.67,3.85
192603,39.65,-1.85
192604,50.04,-1
192605,61,0.81
192606,68.18,-0.29
192607,73.33,-0.26
192608,72.3,0.22
192609,64.09,-0.75
192610,54.93,0.83
192611,40.46,-1.23
192612,31.33,-1.35
192701,31.55,1.43
192702,37.9,4.08
192703,42.26,0.76
192704,51.58,0.54
192705,59.76,-0.43
192706,67.19,-1.28
192707,72.66,-0.93
192708,69.33,-2.75
192709,64.96,0.12
192710,55.89,1.79
192711,44.35,2.66
192712,28.22,-4.46
192801,31.98,1.86
192802,34.34,0.52
192803,43.12,1.62
192804,48.06,-2.98
192805,61.5,1.31
192806,65.89,-2.58
192807,73.36,-0.23
192808,71.8,-0.28
192809,63.25,-1.59
192810,55.06,0.96
192811,41.56,-0.13
192812,32.94,0.26
192901,26.33,-3.79
192902,26.92,-6.9
192903,43.56,2.06
192904,51.17,0.13
192905,58.84,-1.35
192906,67.48,-0.99
192907,73.58,-0.01
192908,72.59,0.51
192909,63.39,-1.45
192910,53.91,-0.19
192911,38.41,-3.28
192912,33.96,1.28
193001,23.56,-6.56
193002,40.08,6.26
193003,40.41,-1.09
193004,54.39,3.35
193005,59.22,-0.97
193006,68.4,-0.07
193007,75,1.41
193008,72.88,0.8
193009,65.73,0.89
193010,51.69,-2.41
193011,41.09,-0.6
193012,31.17,-1.51
193101,32.99,2.87
193102,37.94,4.12
193103,39.4,-2.1
193104,51.04,0
193105,59.41,-0.78
193106,70.68,2.21
193107,75.78,2.19
193108,71.94,-0.14
193109,68.11,3.27
193110,56.55,2.45
193111,43.38,1.69
193112,35.06,2.38
193201,31.55,1.43
193202,36.7,2.88
193203,37.36,-4.14
193204,51.58,0.54
193205,60.49,0.3
193206,69.22,0.75
193207,74.07,0.48
193208,72.54,0.46
193209,64.67,-0.17
193210,52.3,-1.8
193211,40.75,-0.94
193212,29.41,-3.27
193301,34.3,4.18
193302,29.59,-4.23
193303,41.83,0.33
193304,49.84,-1.2
193305,59.81,-0.38
193306,71.55,3.08
193307,75.11,1.52
193308,71.89,-0.19
193309,67.71,2.87
193310,55.2,1.1
193311,42.51,0.82
193312,36.43,3.75
193401,35.08,4.96
193402,34.32,0.5
193403,42.78,1.28
193404,53.73,2.69
193405,64.69,4.5
193406,70.66,2.19
193407,76.35,2.76
193408,73.51,1.43
193409,63.82,-1.02
193410,56.5,2.4
193411,45.01,3.32
193412,32.67,-0.01
193501,31.51,1.39
193502,36.01,2.19
193503,43.61,2.11
193504,49.69,-1.35
193505,57.31,-2.88
193506,67.62,-0.85
193507,75.11,1.52
193508,72.95,0.87
193509,64.78,-0.06
193510,53.8,-0.3
193511,39.47,-2.22
193512,30.74,-1.94
193601,27.36,-2.76
193602,25.23,-8.59
193603,43.43,1.93
193604,50.22,-0.82
193605,63.45,3.26
193606,70.59,2.12
193607,76.77,3.18
193608,74.57,2.49
193609,66.34,1.5
193610,53.49,-0.61
193611,39.81,-1.88
193612,34.47,1.79
193701,24.84,-5.28
193702,31.73,-2.09
193703,38.84,-2.66
193704,50.09,-0.95
193705,61.92,1.73
193706,68.77,0.3
193707,74.57,0.98
193708,74.62,2.54
193709,65.68,0.84
193710,53.87,-0.23
193711,40.8,-0.89
193712,32.7,0.02
193801,32.14,2.02
193802,36,2.18
193803,45,3.5
193804,51.71,0.67
193805,59.83,-0.36
193806,68.76,0.29
193807,73.74,0.15
193808,73.71,1.63
193809,66.61,1.77
193810,56.39,2.29
193811,39.92,-1.77
193812,34.21,1.53
193901,33.91,3.79
193902,29.98,-3.84
193903,42.51,1.01
193904,51.51,0.47
193905,62.69,2.5
193906,68.85,0.38
193907,74.84,1.25
193908,72.63,0.55
193909,67.35,2.51
193910,54.7,0.6
193911,42.3,0.61
193912,37.71,5.03
194001,23.83,-6.29
194002,33.84,0.02
194003,41.52,0.02
194004,50.23,-0.81
194005,60.84,0.65
194006,69.57,1.1
194007,74.12,0.53
194008,72.12,0.04
194009,65.34,0.5
194010,56.08,1.98
194011,39,-2.69
194012,36.03,3.35
194101,32.2,2.08
194102,33.53,-0.29
194103,39.2,-2.3
194104,52,0.96
194105,62.31,2.12
194106,67.78,-0.69
194107,73.96,0.37
194108,72.03,-0.05
194109,64.51,-0.33
194110,55.18,1.08
194111,42.91,1.22
194112,36.12,3.44
194201,29.84,-0.28
194202,30.74,-3.08
194203,41.31,-0.19
194204,53.06,2.02
194205,59.07,-1.12
194206,67.89,-0.58
194207,73.94,0.35
194208,71.76,-0.32
194209,63.64,-1.2
194210,54.55,0.45
194211,43.14,1.45
194212,32.97,0.29
194301,29.41,-0.71
194302,36.28,2.46
194303,38.5,-3
194304,52.86,1.82
194305,59.7,-0.49
194306,68.76,0.29
194307,74.25,0.66
194308,73.44,1.36
194309,64.31,-0.53
194310,53.67,-0.43
194311,40.91,-0.78
194312,32.59,-0.09
194401,32.02,1.9
194402,34.5,0.68
194403,38.48,-3.02
194404,48.97,-2.07
194405,62.01,1.82
194406,68.34,-0.13
194407,72.77,-0.82
194408,72.09,0.01
194409,65.25,0.41
194410,55.27,1.17
194411,41.49,-0.2
194412,30.67,-2.01
194501,30.49,0.37
194502,35.28,1.46
194503,45.52,4.02
194504,50.2,-0.84
194505,58.26,-1.93
194506,65.86,-2.61
194507,72.91,-0.68
194508,72.14,0.06
194509,64.98,0.14
194510,54.12,0.02
194511,42.01,0.32
194512,29.08,-3.6
194601,31.39,1.27
194602,34.86,1.04
194603,46.76,5.26
194604,54.59,3.55
194605,58.75,-1.44
194606,68.31,-0.16
194607,73.83,0.24
194608,71.15,-0.93
194609,64.53,-0.31
194610,53.15,-0.95
194611,41.74,0.05
194612,36.18,3.5
194701,31.78,1.66
194702,31.41,-2.41
194703,38.75,-2.75
194704,50.95,-0.09
194705,60.12,-0.07
194706,66.69,-1.78
194707,72.77,-0.82
194708,74.07,1.99
194709,66.52,1.68
194710,58.8,4.7
194711,38.1,-3.59
194712,32.92,0.24
194801,27.88,-2.24
194802,31.62,-2.2
194803,38.71,-2.79
194804,53.35,2.31
194805,60.22,0.03
194806,68.74,0.27
194807,73.22,-0.37
194808,72.03,-0.05
194809,66.06,1.22
194810,53.17,-0.93
194811,41.59,-0.1
194812,32.58,-0.1
194901,25.92,-4.2
194902,31.91,-1.91
194903,40.75,-0.75
194904,52.05,1.01
194905,61.7,1.51
194906,69.22,0.75
194907,74.19,0.6
194908,72.07,-0.01
194909,63.72,-1.12
194910,54.03,-0.07
194911,45.27,3.58
194912,33.26,0.58
195001,30.43,0.31
195002,35.55,1.73
195003,38.84,-2.66
195004,48.65,-2.39
195005,59.43,-0.76
195006,67.91,-0.56
195007,71.2,-2.39
195008,70,-2.08
195009,63.48,-1.36
195010,57.45,3.35
195011,40.62,-1.07
195012,33.01,0.33
195101,30.2,0.08
195102,34.54,0.72
195103,38.55,-2.95
195104,49.73,-1.31
195105,60.76,0.57
195106,66.61,-1.86
195107,73.67,0.08
195108,71.87,-0.21
195109,64.08,-0.76
195110,53.98,-0.12
195111,38.08,-3.61
195112,31.23,-1.45
195201,32,1.88
195202,35.46,1.64
195203,37.69,-3.81
195204,51.66,0.62
195205,60.58,0.39
195206,70.74,2.27
195207,74.07,0.48
195208,72.81,0.73
195209,65.88,1.04
195210,52.95,-1.15
195211,39.92,-1.77
195212,33.44,0.76
195301,36.43,6.31
195302,35.87,2.05
195303,43.75,2.25
195304,48.74,-2.3
195305,59.16,-1.03
195306,70.16,1.69
195307,74.14,0.55
195308,72.09,0.01
195309,66.15,1.31
195310,56.19,2.09
195311,43.88,2.19
195312,33.69,1.01
195401,30.9,0.78
195402,41.41,7.59
195403,39.25,-2.25
195404,54.16,3.12
195405,58.57,-1.62
195406,68.83,0.36
195407,75.45,1.86
195408,72.16,0.08
195409,66.43,1.59
195410,54.66,0.56
195411,44.06,2.37
195412,33.91,1.23
195501,29.35,-0.77
195502,31.05,-2.77
195503,40.06,-1.44
195504,52.84,1.8
195505,61.27,1.08
195506,66.52,-1.95
195507,74.43,0.84
195508,73.85,1.77
195509,65.86,1.02
195510,55.02,0.92
195511,38.21,-3.48
195512,31.71,-0.97
195601,31.01,0.89
195602,32.27,-1.55
195603,40.75,-0.75
195604,49.37,-1.67
195605,61.75,1.56
195606,70.34,1.87
195607,73.04,-0.55
195608,71.67,-0.41
195609,65.08,0.24
195610,56.16,2.06
195611,40.32,-1.37
195612,36.21,3.53
195701,27.07,-3.05
195702,38.07,4.25
195703,41.27,-0.23
195704,50.68,-0.36
195705,59.63,-0.56
195706,68.68,0.21
195707,74.25,0.66
195708,71.64,-0.44
195709,64.17,-0.67
195710,51.67,-2.43
195711,40.26,-1.43
195712,37,4.32
195801,31.6,1.48
195802,31.98,-1.84
195803,37.67,-3.83
195804,50.27,-0.77
195805,62.4,2.21
195806,67.89,-0.58
195807,72.59,-1
195808,73.27,1.19
195809,65.41,0.57
195810,54.73,0.63
195811,43,1.31
195812,32.22,-0.46
195901,29.5,-0.62
195902,32.49,-1.33
195903,41.45,-0.05
195904,51.58,0.54
195905,60.84,0.65
195906,69.94,1.47
195907,73.56,-0.03
195908,73.15,1.07
195909,64.72,-0.12
195910,53.31,-0.79
195911,38.66,-3.03
195912,35.94,3.26
196001,29.46,-0.66
196002,30.52,-3.3
196003,35.91,-5.59
196004,52.57,1.53
196005,59.29,-0.9
196006,69.04,0.57
196007,73.87,0.28
196008,72.19,0.11
196009,66.43,1.59
196010,54.75,0.65
196011,42.71,1.02
196012,30.4,-2.28
196101,29.71,-0.41
196102,37.42,3.6
196103,43.47,1.97
196104,48.67,-2.37
196105,58.86,-1.33
196106,69.48,1.01
196107,73.22,-0.37
196108,72.68,0.6
196109,63.39,-1.45
196110,53.83,-0.27
196111,40.5,-1.19
196112,31.08,-1.6
196201,26.96,-3.16
196202,34.92,1.1
196203,37.9,-3.6
196204,51.84,0.8
196205,62.22,2.03
196206,67.89,-0.58
196207,72.05,-1.54
196208,72.1,0.02
196209,64.17,-0.67
196210,56.1,2
196211,43.16,1.47
196212,33.4,0.72
196301,24.44,-5.68
196302,34.12,0.3
196303,43.72,2.22
196304,51.87,0.83
196305,61,0.81
196306,68.65,0.18
196307,73.58,-0.01
196308,71.96,-0.12
196309,66.33,1.49
196310,59.34,5.24
196311,44.04,2.35
196312,27.9,-4.78
196401,31.53,1.41
196402,31.77,-2.05
196403,38.82,-2.68
196404,51.3,0.26
196405,61.41,1.22
196406,67.98,-0.49
196407,74.64,1.05
196408,70.7,-1.38
196409,63.68,-1.16
196410,53.78,-0.32
196411,42.33,0.64
196412,32.04,-0.64
196501,31.8,1.68
196502,32.52,-1.3
196503,35.44,-6.06
196504,51.87,0.83
196505,60.78,0.59
196506,66.81,-1.66
196507,72.57,-1.02
196508,71.04,-1.04
196509,61.75,-3.09
196510,54.99,0.89
196511,44.65,2.96
196512,35.85,3.17
196601,26.38,-3.74
196602,31.24,-2.58
196603,42.98,1.48
196604,49.96,-1.08
196605,60.17,-0.02
196606,67.91,-0.56
196607,75.04,1.45
196608,70.83,-1.25
196609,64.53,-0.31
196610,52.81,-1.29
196611,43.21,1.52
196612,32.68,0
196701,33.1,2.98
196702,32.88,-0.94
196703,43.63,2.13
196704,51.01,-0.03
196705,57.61,-2.58
196706,67.53,-0.94
196707,72.5,-1.09
196708,71.19,-0.89
196709,64.04,-0.8
196710,53.91,-0.19
196711,41.54,-0.15
196712,32.07,-0.61
196801,28.94,-1.18
196802,32.92,-0.9
196803,43.56,2.06
196804,50.58,-0.46
196805,58.15,-2.04
196806,68.49,0.02
196807,72.84,-0.75
196808,70.57,-1.51
196809,63.88,-0.96
196810,54.63,0.53
196811,41.13,-0.56
196812,30.04,-2.64
196901,29.37,-0.75
196902,32.81,-1.01
196903,36.03,-5.47
196904,52.61,1.57
196905,61.39,1.2
196906,66.79,-1.68
196907,74.07,0.48
196908,73.2,1.12
196909,65.53,0.69
196910,51.03,-3.07
196911,41.59,-0.1
196912,33.46,0.78
197001,27.16,-2.96
197002,35.33,1.51
197003,38.5,-3
197004,49.42,-1.62
197005,61.05,0.86
197006,68.72,0.25
197007,73.94,0.35
197008,73.36,1.28
197009,64.56,-0.28
197010,52.25,-1.85
197011,41.31,-0.38
197012,33.58,0.9
197101,29.41,-0.71
197102,33.48,-0.34
197103,39.65,-1.85
197104,50.27,-0.77
197105,58.24,-1.95
197106,69.42,0.95
197107,72.34,-1.25
197108,72,-0.08
197109,64.31,-0.53
197110,55.06,0.96
197111,41.61,-0.08
197112,33.98,1.3
197201,29.93,-0.19
197202,33.55,-0.27
197203,44.04,2.54
197204,50.79,-0.25
197205,60.51,0.32
197206,68.18,-0.29
197207,72.16,-1.43
197208,71.65,-0.43
197209,64.42,-0.42
197210,52.27,-1.83
197211,38.93,-2.76
197212,29.86,-2.82
197301,29.59,-0.53
197302,33.58,-0.24
197303,44.29,2.79
197304,48.83,-2.21
197305,59.23,-0.96
197306,68.94,0.47
197307,73.24,-0.35
197308,72.57,0.49
197309,64.38,-0.46
197310,56.07,1.97
197311,42.93,1.24
197312,33.71,1.03
197401,31.01,0.89
197402,34.74,0.92
197403,44.38,2.88
197404,51.55,0.51
197405,60.37,0.18
197406,68.47,0
197407,74.07,0.48
197408,70.29,-1.79
197409,62.29,-2.55
197410,53.87,-0.23
197411,42.39,0.7
197412,33.66,0.98
197501,32.34,2.22
197502,32.76,-1.06
197503,38.7,-2.8
197504,46.83,-4.21
197505,60.35,0.16
197506,67.5,-0.97
197507,73.53,-0.06
197508,71.51,-0.57
197509,62.87,-1.97
197510,54.63,0.53
197511,42.6,0.91
197512,34.29,1.61
197601,29.93,-0.19
197602,39.56,5.74
197603,42.31,0.81
197604,51.84,0.8
197605,59.04,-1.15
197606,67.78,-0.69
197607,72.88,-0.71
197608,70.63,-1.45
197609,64.17,-0.67
197610,49.98,-4.12
197611,38.48,-3.21
197612,30.92,-1.76
197701,23.09,-7.03
197702,36.03,2.21
197703,43.16,1.66
197704,54.07,3.03
197705,61.65,1.46
197706,70.32,1.85
197707,74.41,0.82
197708,71.76,-0.32
197709,65.91,1.07
197710,53.98,-0.12
197711,42.85,1.16
197712,33.28,0.6
197801,25.86,-4.26
197802,27.99,-5.83
197803,41.29,-0.21
197804,51.58,0.54
197805,59.72,-0.47
197806,68.92,0.45
197807,73.78,0.19
197808,71.78,-0.3
197809,65.82,0.98
197810,54.39,0.29
197811,41.47,-0.22
197812,29.82,-2.86
197901,21.92,-8.2
197902,28.13,-5.69
197903,42.06,0.56
197904,50.14,-0.9
197905,59.13,-1.06
197906,67.8,-0.67
197907,73.11,-0.48
197908,70.95,-1.13
197909,66.07,1.23
197910,55.26,1.16
197911,39.92,-1.77
197912,36.03,3.35
198001,31.12,1
198002,32.85,-0.97
198003,39.36,-2.14
198004,51.42,0.38
198005,60.26,0.07
198006,68.72,0.25
198007,75.72,2.13
198008,72.77,0.69
198009,66.22,1.38
198010,52.59,-1.51
198011,42.31,0.62
198012,35.19,2.51
198101,32.41,2.29
198102,36.57,2.75
198103,42.85,1.35
198104,55.11,4.07
198105,58.95,-1.24
198106,69.8,1.33
198107,73.92,0.33
198108,72.09,0.01
198109,64.9,0.06
198110,52.3,-1.8
198111,44.73,3.04
198112,33.66,0.98
198201,26.22,-3.9
198202,32.59,-1.23
198203,42.01,0.51
198204,48.61,-2.43
198205,60.78,0.59
198206,66.31,-2.16
198207,73.18,-0.41
198208,72.05,-0.03
198209,64.02,-0.82
198210,53.24,-0.86
198211,41.13,-0.56
198212,35.82,3.14
198301,33.12,3
198302,36.86,3.04
198303,42.39,0.89
198304,46.99,-4.05
198305,57.94,-2.25
198306,67.06,-1.41
198307,73.96,0.37
198308,75.04,2.96
198309,65.57,0.73
198310,54.99,0.89
198311,43.02,1.33
198312,25.48,-7.2
198401,28.83,-1.29
198402,37.38,3.56
198403,40.08,-1.42
198404,49.59,-1.45
198405,60.06,-0.13
198406,68.59,0.12
198407,73.15,-0.44
198408,73.11,1.03
198409,63.12,-1.72
198410,53.6,-0.5
198411,41.54,-0.15
198412,34.54,1.86
198501,26.31,-3.81
198502,30.87,-2.95
198503,43.48,1.98
198504,54.34,3.3
198505,62.06,1.87
198506,68.09,-0.38
198507,74.03,0.44
198508,71.01,-1.07
198509,62.71,-2.13
198510,54.28,0.18
198511,39.51,-2.18
198512,28.81,-3.87
198601,34.68,4.56
198602,35.85,2.03
198603,46.18,4.68
198604,52.86,1.82
198605,61.07,0.88
198606,70.39,1.92
198607,73.49,-0.1
198608,71.69,-0.39
198609,63.68,-1.16
198610,54,-0.1
198611,41.4,-0.29
198612,34.43,1.75
198701,31.44,1.32
198702,37.38,3.56
198703,42.55,1.05
198704,53.51,2.47
198705,62.94,2.75
198706,70.23,1.76
198707,73.24,-0.35
198708,71.85,-0.23
198709,65.23,0.39
198710,52.95,-1.15
198711,43.97,2.28
198712,34.54,1.86
198801,27.79,-2.33
198802,33.69,-0.13
198803,42.4,0.9
198804,51.8,0.76
198805,61.2,1.01
198806,70.84,2.37
198807,74.77,1.18
198808,73.65,1.57
198809,64.58,-0.26
198810,53.94,-0.16
198811,43.29,1.6
198812,33.46,0.78
198901,34.09,3.97
198902,29.17,-4.65
198903,42.67,1.17
198904,52.86,1.82
198905,60.44,0.25
198906,68.11,-0.36
198907,74.19,0.6
198908,71.29,-0.79
198909,64.06,-0.78
198910,54.34,0.24
198911,42.91,1.22
198912,27.73,-4.95
199001,36.48,6.36
199002,36.7,2.88
199003,44.74,3.24
199004,52.5,1.46
199005,58.86,-1.33
199006,70.21,1.74
199007,73.24,-0.35
199008,72.25,0.17
199009,67.33,2.49
199010,53.96,-0.14
199011,44.92,3.23
199012,30.83,-1.85
199101,29.5,-0.62
199102,39.81,5.99
199103,43.32,1.82
199104,52.52,1.48
199105,61.95,1.76
199106,69.04,0.57
199107,73.87,0.28
199108,72.97,0.89
199109,64.89,0.05
199110,54.73,0.63
199111,39.43,-2.26
199112,35.73,3.05
199201,33.62,3.5
199202,39.69,5.87
199203,44.69,3.19
199204,52.52,1.48
199205,61.14,0.95
199206,67.41,-1.06
199207,71.2,-2.39
199208,69.82,-2.26
199209,64.65,-0.19
199210,54.52,0.42
199211,40.06,-1.63
199212,31.75,-0.93
199301,30.47,0.35
199302,31.14,-2.68
199303,41.79,0.29
199304,49.89,-1.15
199305,60.87,0.68
199306,67.19,-1.28
199307,72.12,-1.47
199308,71.87,-0.21
199309,63.28,-1.56
199310,52.95,-1.15
199311,39.2,-2.49
199312,34.2,1.52
199401,29.34,-0.78
199402,31.87,-1.95
199403,44.51,3.01
199404,52.66,1.62
199405,60.66,0.47
199406,70.93,2.46
199407,73.6,0.01
199408,72.18,0.1
199409,65.53,0.69
199410,54.19,0.09
199411,42.55,0.86
199412,36.23,3.55
199501,33.08,2.96
199502,37.36,3.54
199503,43.34,1.84
199504,49.41,-1.63
199505,58.62,-1.57
199506,67.53,-0.94
199507,73.53,-0.06
199508,74.3,2.22
199509,64.67,-0.17
199510,54.45,0.35
199511,42.03,0.34
199512,33.42,0.74
199601,29.7,-0.42
199602,35.69,1.87
199603,39.02,-2.48
199604,50.65,-0.39
199605,60.96,0.77
199606,69.84,1.37
199607,73.62,0.03
199608,72.41,0.33
199609,63.45,-1.39
199610,53.64,-0.46
199611,39.63,-2.06
199612,33.91,1.23
199701,29.97,-0.15
199702,36.05,2.23
199703,44.65,3.15
199704,47.91,-3.13
199705,59.38,-0.81
199706,68.29,-0.18
199707,73.17,-0.42
199708,71.73,-0.35
199709,66.4,1.56
199710,53.91,-0.19
199711,40.86,-0.83
199712,34,1.32
199801,34.99,4.87
199802,38.71,4.89
199803,41.32,-0.18
199804,51.06,0.02
199805,62.46,2.27
199806,68.11,-0.36
199807,75.45,1.86
199808,73.99,1.91
199809,68.95,4.11
199810,55.11,1.01
199811,44.89,3.2
199812,35.55,2.87
199901,33.78,3.66
199902,39.49,5.67
199903,42.78,1.28
199904,51.55,0.51
199905,60.04,-0.15
199906,68.29,-0.18
199907,74.28,0.69
199908,72.88,0.8
199909,64.33,-0.51
199910,54.75,0.65
199911,48.11,6.42
199912,36.1,3.42
200001,33.57,3.45
200002,39.78,5.96
200003,46.02,4.52
200004,52.57,1.53
200005,63.12,2.93
200006,69.01,0.54
200007,73.85,0.26
200008,74.01,1.93
200009,65.55,0.71
200010,55.08,0.98
200011,38.01,-3.68
200012,28.44,-4.24
200101,31.37,1.25
200102,33.96,0.14
200103,41.47,-0.03
200104,53.08,2.04
200105,62.8,2.61
200106,69.21,0.74
200107,74.44,0.85
200108,74.28,2.2
200109,65.68,0.84
200110,54.36,0.26
200111,47.39,5.7
200112,36.12,3.44
200201,34.48,4.36
200202,36.39,2.57
200203,39.54,-1.96
200204,53.49,2.45
200205,59.27,-0.92
200206,70.84,2.37
200207,75.83,2.24
200208,72.82,0.74
200209,66.83,1.99
200210,51.82,-2.28
200211,41.95,0.26
200212,35.08,2.4
200301,32.81,2.69
200302,32.79,-1.03
200303,43.29,1.79
200304,51.89,0.85
200305,60.96,0.77
200306,68.02,-0.45
200307,75.43,1.84
200308,74.62,2.54
200309,64.94,0.1
200310,56.53,2.43
200311,42.35,0.66
200312,35.29,2.61
200401,30.36,0.24
200402,33.57,-0.25
200403,47.39,5.89
200404,52.66,1.62
200405,61.9,1.71
200406,68.05,-0.42
200407,72.88,-0.71
200408,70.14,-1.94
200409,65.64,0.8
200410,55.35,1.25
200411,43.99,2.3
200412,35.06,2.38
200501,33.39,3.27
200502,37.94,4.12
200503,42.31,0.81
200504,52.25,1.21
200505,59.54,-0.65
200506,69.19,0.72
200507,75.29,1.7
200508,73.18,1.1
200509,67.35,2.51
200510,55.36,1.26
200511,45,3.31
200512,32.7,0.02
200601,38.93,8.81
200602,34.83,1.01
200603,42.6,1.1
200604,55.24,4.2
200605,62.26,2.07
200606,70.74,2.27
200607,76.39,2.8
200608,73.38,1.3
200609,63.28,-1.56
200610,52.57,-1.53
200611,44.08,2.39
200612,36.57,3.89
200701,31.35,1.23
200702,32.41,-1.41
200703,47.64,6.14
200704,50.54,-0.5
200705,62.31,2.12
200706,69.85,1.38
200707,74.68,1.09
200708,74.62,2.54
200709,66.42,1.58
200710,56.66,2.56
200711,43.99,2.3
200712,33.22,0.54
200801,30.27,0.15
200802,34.7,0.88
200803,41.86,0.36
200804,50.38,-0.66
200805,59.34,-0.85
200806,69.58,1.11
200807,74.05,0.46
200808,72.25,0.17
200809,65.19,0.35
200810,53.98,-0.12
200811,43.92,2.23
200812,31.87,-0.81
200901,31.05,0.93
200902,36.77,2.95
200903,42.87,1.37
200904,50.9,-0.14
200905,61.63,1.44
200906,68.5,0.03
200907,72.61,-0.98
200908,71.87,-0.21
200909,66.36,1.52
200910,50.49,-3.61
200911,45.82,4.13
200912,29.64,-3.04
201001,30.67,0.55
201002,31.8,-2.02
201003,43.56,2.06
201004,53.24,2.2
201005,59.86,-0.33
201006,70.47,2
201007,74.7,1.11
201008,74.03,1.95
201009,66.47,1.63
201010,56.14,2.04
201011,42.31,0.62
201012,32.47,-0.21
201101,29.71,-0.41
201102,33.04,-0.78
201103,43.07,1.57
201104,51.96,0.92
201105,59.11,-1.08
201106,69.8,1.33
201107,76.12,2.53
201108,74.98,2.9
201109,66.07,1.23
201110,55.08,0.98
201111,43.74,2.05
201112,35.4,2.72
201201,36.12,6
201202,37.51,3.69
201203,50.4,8.9
201204,54.68,3.64
201205,63.43,3.24
201206,70.52,2.05
201207,76.73,3.14
201208,73.78,1.7
201209,66.29,1.45
201210,53.89,-0.21
201211,44.01,2.32
201212,35.92,3.24
201301,32.25,2.13
201302,34.77,0.95
201303,40.89,-0.61
201304,49.66,-1.38
201305,60.84,0.65
201306,70.38,1.91
201307,74.19,0.6
201308,72.97,0.89
201309,66.94,2.1
201310,53.42,-0.68
201311,41.61,-0.08
201312,31.06,-1.62
201401,30.56,0.44
201402,32.13,-1.69
201403,40.51,-0.99
201404,51.69,0.65
201405,61.27,1.08
201406,69.57,1.1
201407,73.27,-0.32
201408,72.21,0.13
201409,66.16,1.32
201410,56.91,2.81
201411,39.25,-2.44
201412,36.81,4.13
201501,33.08,2.96
201502,32.99,-0.83
201503,45.39,3.89
201504,53.22,2.18
201505,60.82,0.63
201506,71.33,2.86
201507,73.89,0.3
201508,72.91,0.83
201509,68.5,3.66
201510,57.24,3.14
201511,44.58,2.89
201512,38.64,5.96
201601,32.22,2.1
201602,39.47,5.65
201603,47.48,5.98
201604,53.19,2.15
201605,60.31,0.12
201606,71.74,3.27
201607,75.2,1.61
201608,73.51,1.43
201609,67.1,2.26
201610,57.7,3.6
201611,47.95,6.26
201612,32.95,0.27
201701,33.57,3.45
201702,41.16,7.34
201703,46.13,4.63
201704,53.78,2.74
201705,60.55,0.36
201706,70.32,1.85
201707,75.69,2.1
201708,72,-0.08
201709,66.25,1.41
201710,55.69,1.59
201711,45.03,3.34
201712,34.29,1.61
201801,32.16,2.04
201802,35.51,1.69
201803,42.73,1.23
201804,49.01,-2.03
201805,65.5,5.31
201806,71.53,3.06
201807,75.43,1.84
201808,73.49,1.41
201809,67.51,2.67
201810,53.71,-0.39
201811,40.01,-1.68
201812,35.51,2.83
201901,32.56,2.44
201902,31.84,-1.98
201903,40.28,-1.22
201904,52.83,1.79
201905,59.49,-0.7
201906,68.7,0.23
201907,74.59,1
201908,73.72,1.64
201909,68.41,3.57
201910,52.03,-2.07
201911,41.09,-0.6
201912,36.43,3.75
202001,35.53,5.41
202002,36.16,2.34
202003,46.08,4.58
202004,50.86,-0.18
202005,60.89,0.7
202006,70.27,1.8
202007,75.63,2.04
202008,74.68,2.6
202009,65.89,1.05
202010,54.28,0.18
202011,46.31,4.62
202012,35.71,3.03
202101,34.59,4.47
202102,30.61,-3.21
202103,45.52,4.02
202104,51.85,0.81
202105,60.33,0.14
202106,72.57,4.1
202107,75.4,1.81
202108,73.96,1.88
202109,67.78,2.94
202110,56.95,2.85
202111,45.07,3.38
202112,39.34,6.66
202201,31.17,1.05
202202,33.66,-0.16
202203,44.08,2.58
202204,50.67,-0.37
202205,61.92,1.73
202206,70.79,2.32
202207,76.39,2.8
202208,74.59,2.51
202209,68.02,3.18
202210,55.18,1.08
202211,40.96,-0.73
202212,33.12,0.44
202301,35.11,4.99
202302,36.39,2.57
202303,40.57,-0.93
202304,51.31,0.27
202305,62.38,2.19
202306,69.01,0.54
202307,75.65,2.06
202308,74.35,2.27
202309,67.75,2.91
202310,56.05,1.95
202311,44.28,2.59
202312,39.81,7.13
202401,31.93,1.81
202402,40.86,7.04
202403,45,3.5
202404,53.67,2.63
202405,62.29,2.1
202406,71.82,3.35
202407,75.7,2.11